Code,Region Name,Geography,Area (sq km),Estimated Population mid-2021,2021 people per sq. km,Estimated Population mid-2011,2011 people per sq. km,Estimated Population mid-2001,2001 people per sq. km
K02000001,UNITED KINGDOM,Country,242740.8699,67026292,276.1228137,63285145,260.7107119,59113016,243.5231283
K03000001,GREAT BRITAIN,Country,228947.9193,65121729,284.4390515,61470827,268.4926213,57424178,250.8176452
K04000001,ENGLAND AND WALES,Country,151046.9877,59641829,394.8561299,56170927,371.8771745,52359978,346.6469527
E92000001,ENGLAND,Country,130310.4699,56536419,433.8593748,53107169,407.5433773,49449746,379.4763847
E12000001,NORTH EAST,Region,8580.7865,2646772,308.4533102,2596441,302.587764,2540090,296.0206503
E06000047,County Durham,Unitary Authority,2225.8611,521346,234.2221624,512994,230.4699067,493678,221.7919168
E06000005,Darlington,Unitary Authority,197.4779,108222,548.0208165,105584,534.6623597,97894,495.7212934
E06000001,Hartlepool,Unitary Authority,93.717,92571,987.7716956,92088,982.6178815,90152,961.9599432
E06000002,Middlesbrough,Unitary Authority,53.8816,143734,2667.589678,138368,2568.00095,141233,2621.173091
E06000057,Northumberland,Unitary Authority,5019.8979,321558,64.05668131,316278,63.00486709,307363,61.22893456
E06000003,Redcar and Cleveland,Unitary Authority,245.0697,136616,557.4577355,135164,551.5328904,139159,567.8343753
E06000004,Stockton-on-Tees,Unitary Authority,204.9331,197030,961.4357076,191824,936.0322954,183795,896.8536561
E11000007,Tyne and Wear (Met County),Metropolitan County,539.9482,1125695,2084.820359,1104141,2044.901715,1086816,2012.815303
E08000037,Gateshead,Metropolitan District,142.3391,196154,1378.075315,200349,1407.547188,191178,1343.116544
E08000021,Newcastle upon Tyne,Metropolitan District,113.4515,298264,2629.000057,279092,2460.011547,266241,2346.738474
E08000022,North Tyneside,Metropolitan District,82.3006,209151,2541.305896,201206,2444.76954,192003,2332.947755
E08000023,South Tyneside,Metropolitan District,64.4205,147915,2296.085873,148164,2299.951103,152793,2371.807111
E08000024,Sunderland,Metropolitan District,137.4365,274211,1995.18323,275330,2003.325172,284601,2070.781779
E12000002,NORTH WEST,Region,14108.0066,7422295,526.1051551,7055961,500.1387652,6772985,480.080935
E06000008,Blackburn with Darwen,Unitary Authority,137.0221,154922,1130.635131,147657,1077.614487,138453,1010.442841
E06000009,Blackpool,Unitary Authority,34.8709,140954,4042.166964,142080,4074.457499,142270,4079.906168
E06000049,Cheshire East,Unitary Authority,1166.3577,400528,343.4006566,370736,317.8578921,352104,301.8833759
E06000050,Cheshire West and Chester,Unitary Authority,920.0177,357699,388.7957808,329526,358.1735438,322154,350.1606545
E06000006,Halton,Unitary Authority,79.084,128577,1625.828233,125722,1589.727378,118559,1499.1528
E06000007,Warrington,Unitary Authority,180.6279,211227,1169.404062,202709,1122.246342,191202,1058.54079
E10000006,Cumbria,County,6767.9467,500821,73.99895747,499817,73.85061115,487795,72.07429692
E07000026,Allerdale,Non-metropolitan District,1242.1502,96384,77.59448093,96444,77.64278426,93544,75.30812296
E07000027,Barrow-in-Furness,Non-metropolitan District,77.8971,67375,864.9230844,69056,886.5028352,71960,923.7827852
E07000028,Carlisle,Non-metropolitan District,1038.2969,110255,106.1883167,107475,103.5108551,100764,97.04738596
E07000029,Copeland,Non-metropolitan District,731.7608,67176,91.80049,70627,96.51651195,69251,94.63611606
E07000030,Eden,Non-metropolitan District,2142.3761,54955,25.65142507,52502,24.5064347,49879,23.28209319
E07000031,South Lakeland,Non-metropolitan District,1535.4656,104676,68.17215573,103713,67.5449844,102397,66.68791538
E11000001,Greater Manchester (Met County),Metropolitan County,1275.982,2868387,2247.983906,2685386,2104.564171,2516096,1971.889886
E08000001,Bolton,Metropolitan District,139.7923,296041,2117.720361,277296,1983.628569,261302,1869.215973
E08000002,Bury,Metropolitan District,99.4604,193823,1948.74543,185422,1864.279653,180655,1816.35103
E08000003,Manchester,Metropolitan District,115.6485,549853,4754.519082,502902,4348.538892,422915,3656.900003
E08000004,Oldham,Metropolitan District,142.345,242072,1700.600653,225157,1581.769644,218537,1535.262918
E08000005,Rochdale,Metropolitan District,158.1281,224087,1417.123206,211929,1340.236176,206440,1305.523813
E08000006,Salford,Metropolitan District,97.1974,270764,2785.712375,234487,2412.482227,216978,2232.343664
E08000007,Stockport,Metropolitan District,126.0404,295243,2342.447342,283253,2247.319114,284557,2257.665003
E08000008,Tameside,Metropolitan District,103.1542,231199,2241.295071,219727,2130.082924,213087,2065.713272
E08000009,Trafford,Metropolitan District,106.0446,235546,2221.197496,227091,2141.466892,210172,1981.920814
E08000010,Wigan,Metropolitan District,188.1711,329759,1752.442325,318122,1690.599672,301453,1602.0154
E10000017,Lancashire,County,2893.9027,1236035,427.1169863,1171558,404.8366934,1136542,392.7367703
E07000117,Burnley,Non-metropolitan District,110.684,94721,855.778613,87032,786.3105779,89521,808.7980196
E07000118,Chorley,Non-metropolitan District,202.7622,117937,581.6518069,107591,530.6265172,100559,495.9454967
E07000119,Fylde,Non-metropolitan District,165.6974,81845,493.9425724,76098,459.2588659,73340,442.6140664
E07000120,Hyndburn,Non-metropolitan District,73.0065,82261,1126.762686,80549,1103.312719,81495,1116.270469
E07000121,Lancaster,Non-metropolitan District,566.9315,142162,250.7569257,137823,243.1034437,134049,236.4465548
E07000122,Pendle,Non-metropolitan District,169.38,95789,565.5272169,89576,528.8463809,89277,527.0811194
E07000123,Preston,Non-metropolitan District,142.2841,147617,1037.480646,140054,984.3264286,130372,916.2794718
E07000124,Ribble Valley,Non-metropolitan District,583.1766,61907,106.154808,57292,98.24125316,54053,92.68718944
E07000125,Rossendale,Non-metropolitan District,138.0412,71010,514.4116394,68053,492.9904985,65647,475.5609195
E07000126,South Ribble,Non-metropolitan District,113.1417,111204,982.8736885,109181,964.9934551,103949,918.7505579
E07000127,West Lancashire,Non-metropolitan District,346.6331,117125,337.8932941,110617,319.1183993,108480,312.9533792
E07000128,Wyre,Non-metropolitan District,282.1644,112457,398.551341,107692,381.6640228,105800,374.958712
E11000002,Merseyside (Met County),Metropolitan County,652.1949,1423145,2182.085447,1380770,2117.112538,1367810,2097.241177
E08000011,Knowsley,Metropolitan District,86.5002,154974,1791.602794,145903,1686.735984,151238,1748.412142
E08000012,Liverpool,Metropolitan District,111.8357,484488,4332.14081,465656,4163.750931,441858,3950.956627
E08000014,Sefton,Metropolitan District,156.5783,279692,1786.275621,273969,1749.725217,282884,1806.661587
E08000013,St. Helens,Metropolitan District,136.3587,183391,1344.916019,175405,1286.349899,176826,1296.770943
E08000015,Wirral,Metropolitan District,160.922,320600,1992.269547,319837,1987.528119,315004,1957.494935
E12000003,YORKSHIRE AND THE HUMBER,Region,15404.4571,5481431,355.8340917,5288212,343.2910336,4976643,323.0651342
E06000011,East Riding of Yorkshire,Unitary Authority,2403.5993,343143,142.7621484,334673,139.2382665,314854,130.9927158
E06000010,"Kingston upon Hull, City of",Unitary Authority,71.5837,266463,3722.397697,256123,3577.951405,249913,3491.199812
E06000012,North East Lincolnshire,Unitary Authority,192.6229,157197,816.0867685,159735,829.262772,157951,820.0011525
E06000013,North Lincolnshire,Unitary Authority,846.5401,169940,200.7465447,167516,197.8831245,152964,180.6931532
E06000014,York,Unitary Authority,271.9314,201672,741.6282195,197783,727.3268185,181291,666.6791698
E10000023,North Yorkshire,County,8037.3724,618847,76.99618348,601206,74.80131193,570094,70.93039511
E07000163,Craven,Non-metropolitan District,1177.3881,57090,48.4886844,55459,47.10341475,53706,45.61452592
E07000164,Hambleton,Non-metropolitan District,1311.2564,91037,69.42730651,89602,68.33293626,84168,64.18881921
E07000165,Harrogate,Non-metropolitan District,1307.9377,164105,125.4685143,158683,121.3230569,151467,115.8059746
E07000166,Richmondshire,Non-metropolitan District,1318.7028,50358,38.18752793,53287,40.40865008,47067,35.69189358
E07000167,Ryedale,Non-metropolitan District,1506.5306,54897,36.43935278,51893,34.44536739,50910,33.79287483
E07000168,Scarborough,Non-metropolitan District,816.2413,108959,133.4887122,108735,133.2142836,106221,130.134312
E07000169,Selby,Non-metropolitan District,599.3155,92401,154.1775576,83547,139.4040368,76555,127.7373937
E11000003,South Yorkshire (Met County),Metropolitan County,1551.5487,1374182,885.684091,1343805,866.1055886,1266475,816.2650647
E08000016,Barnsley,Metropolitan District,329.0776,244893,744.1800961,231865,704.5906497,218124,662.8345412
E08000017,Doncaster,Metropolitan District,568.0064,308705,543.4885945,302468,532.5080844,286900,505.0999425
E08000018,Rotherham,Metropolitan District,286.5345,266183,928.9736489,257716,899.4239786,248349,866.7333253
E08000019,Sheffield,Metropolitan District,367.9302,554401,1506.810259,551756,1499.621396,513102,1394.563425
E11000006,West Yorkshire (Met County),Metropolitan County,2029.2586,2349987,1158.05201,2227371,1097.627971,2083101,1026.53304
E08000032,Bradford,Metropolitan District,366.4197,546976,1492.758168,523115,1427.638852,470753,1284.737147
E08000033,Calderdale,Metropolitan District,363.9608,206818,568.242514,204170,560.9670052,192379,528.5706593
E08000034,Kirklees,Metropolitan District,408.5516,433355,1060.710569,422970,1035.291503,388980,952.0951576
E08000035,Leeds,Metropolitan District,551.7067,809036,1466.424098,750683,1360.655943,715609,1297.082308
E08000036,Wakefield,Metropolitan District,338.6198,353802,1044.835535,326433,964.0103739,315380,931.3690458
E12000004,EAST MIDLANDS,Region,15623.5216,4880094,312.3555703,4537448,290.4241512,4189622,268.1611808
E06000015,Derby,Unitary Authority,78.0311,261136,3346.563101,248943,3190.304891,230726,2956.846693
E06000016,Leicester,Unitary Authority,73.3421,366018,4990.557947,329627,4494.376354,282757,3855.316387
E06000061,North Northamptonshire,Unitary Authority,986.5947,360381,365.2776566,317959,322.27925,285093,288.9666851
E06000018,Nottingham,Unitary Authority,74.6132,319566,4282.968697,303899,4072.992446,268939,3604.442646
E06000017,Rutland,Unitary Authority,381.8313,41381,108.3750861,37581,98.42304704,34598,90.6106964
E06000062,West Northamptonshire,Unitary Authority,1377.4108,426462,309.6113374,376008,272.9817423,345893,251.1182575
E10000007,Derbyshire,County,2546.7556,796847,312.8871102,770688,302.6156102,734888,288.5585095
E07000032,Amber Valley,Non-metropolitan District,265.4379,126489,476.5295385,122521,461.580656,116560,439.1234259
E07000033,Bolsover,Non-metropolitan District,160.3347,80476,501.9250356,76029,474.1893052,71887,448.3558456
E07000034,Chesterfield,Non-metropolitan District,66.0352,103672,1569.950572,103788,1571.707211,98832,1496.656329
E07000035,Derbyshire Dales,Non-metropolitan District,792.4241,71681,90.45787477,71104,89.72972932,69418,87.60208075
E07000036,Erewash,Non-metropolitan District,109.6301,113047,1031.167535,112249,1023.888512,110126,1004.523393
E07000037,High Peak,Non-metropolitan District,539.1433,91104,168.9791935,90982,168.7529085,89400,165.8186237
E07000038,North East Derbyshire,Non-metropolitan District,275.6234,102315,371.2130392,99100,359.5485724,96927,351.6646264
E07000039,South Derbyshire,Non-metropolitan District,338.1269,108063,319.5930285,94915,280.7082193,81738,241.7376435
E10000018,Leicestershire,County,2082.8939,712572,342.1067199,651179,312.6318628,610279,292.995721
E07000129,Blaby,Non-metropolitan District,130.4686,103271,791.5391136,94132,721.4916079,90361,692.5881017
E07000130,Charnwood,Non-metropolitan District,279.0426,182817,655.1580296,165876,594.4468694,153554,550.2887373
E07000131,Harborough,Non-metropolitan District,591.7966,98287,166.0824006,85699,144.8115788,76818,129.8047336
E07000132,Hinckley and Bosworth,Non-metropolitan District,297.3514,113660,382.2413481,105328,354.2206292,100202,336.9817664
E07000133,Melton,Non-metropolitan District,481.3806,51773,107.5510729,50495,104.8962089,47875,99.45353012
E07000134,North West Leicestershire,Non-metropolitan District,279.328,105011,375.9415454,93670,335.3405316,85678,306.7290068
E07000135,Oadby and Wigston,Non-metropolitan District,23.5261,57753,2454.84802,55979,2379.442407,55791,2371.451282
E10000019,Lincolnshire,County,5937.3376,769474,129.5991658,714768,120.3852717,647640,109.079194
E07000136,Boston,Non-metropolitan District,364.0086,70798,194.4954048,64615,177.5095424,55802,153.2985759
E07000137,East Lindsey,Non-metropolitan District,1766.7732,142951,80.9107813,136683,77.36307071,130654,73.95063498
E07000138,Lincoln,Non-metropolitan District,35.6902,102330,2867.173622,93085,2608.138929,85584,2397.96919
E07000139,North Kesteven,Non-metropolitan District,922.4713,118553,128.5167354,108518,117.6383482,94378,102.309958
E07000140,South Holland,Non-metropolitan District,750.0762,95485,127.3003996,88390,117.8413607,76714,102.2749422
E07000141,South Kesteven,Non-metropolitan District,942.586,143787,152.5452319,134125,142.2947084,124877,132.483402
E07000142,West Lindsey,Non-metropolitan District,1155.7321,95570,82.69217408,89352,77.31203451,79631,68.90091571
E10000024,Nottinghamshire,County,2084.7113,826257,396.3412104,786796,377.4124503,748809,359.1907426
E07000170,Ashfield,Non-metropolitan District,109.5581,126372,1153.470168,119522,1090.946265,111477,1017.514908
E07000171,Bassetlaw,Non-metropolitan District,637.8033,118351,185.5603444,113003,177.1753141,107843,169.0850455
E07000172,Broxtowe,Non-metropolitan District,80.0989,110813,1383.452207,109749,1370.168629,107481,1341.853633
E07000173,Gedling,Non-metropolitan District,119.9817,117298,977.6324223,113741,947.9862346,111812,931.9087828
E07000174,Mansfield,Non-metropolitan District,76.6971,110602,1442.062347,104551,1363.167577,98065,1278.601147
E07000175,Newark and Sherwood,Non-metropolitan District,651.3405,123383,189.4293384,114982,176.5313227,106351,163.2801891
E07000176,Rushcliffe,Non-metropolitan District,409.2317,119438,291.8591106,111248,271.8459982,105780,258.4843745
E12000005,WEST MIDLANDS,Region,12998.2663,5954240,458.0795517,5608667,431.4934677,5280727,406.2639492
E06000019,"Herefordshire, County of",Unitary Authority,2179.7094,187557,86.04679138,183619,84.24012852,174885,80.23317237
E06000051,Shropshire,Unitary Authority,3197.2758,324716,101.5602095,307108,96.05302114,283254,88.59229473
E06000021,Stoke-on-Trent,Unitary Authority,93.4485,258037,2761.274927,248719,2661.562251,240422,2572.775379
E06000020,Telford and Wrekin,Unitary Authority,290.3137,185842,640.1420257,166831,574.6576893,158573,546.2125969
E10000028,Staffordshire,County,2620.2887,877856,335.0226256,849546,324.2184726,807152,308.0393393
E07000192,Cannock Chase,Non-metropolitan District,78.8825,100590,1275.187779,97582,1237.055114,92165,1168.383355
E07000193,East Staffordshire,Non-metropolitan District,386.9595,124477,321.679659,113858,294.2375106,103938,268.6017529
E07000194,Lichfield,Non-metropolitan District,331.2944,106909,322.7008968,100911,304.5961538,93229,281.4083184
E07000195,Newcastle-under-Lyme,Non-metropolitan District,210.9574,123025,583.1746125,123878,587.2180829,122015,578.386916
E07000196,South Staffordshire,Non-metropolitan District,407.3223,110793,272.003276,108318,265.9270067,105942,260.0937881
E07000197,Stafford,Non-metropolitan District,598.1721,137231,229.417253,130895,218.8249836,120712,201.8014548
E07000198,Staffordshire Moorlands,Non-metropolitan District,575.8498,95993,166.6979827,97209,168.8096445,94555,164.2008038
E07000199,Tamworth,Non-metropolitan District,30.8507,78838,2555.468758,76895,2492.488015,74596,2417.967826
E10000031,Warwickshire,County,1975.0766,599153,303.356842,546554,276.7254698,506193,256.290313
E07000218,North Warwickshire,Non-metropolitan District,284.2613,65340,229.8589361,62089,218.4222756,61788,217.3633907
E07000219,Nuneaton and Bedworth,Non-metropolitan District,78.9504,134291,1700.954017,125409,1588.453003,119239,1510.302671
E07000220,Rugby,Non-metropolitan District,351.1133,114829,327.0425814,100496,286.2210005,87520,249.2642688
E07000221,Stratford-on-Avon,Non-metropolitan District,977.8694,135964,139.0410621,120824,123.558422,111551,114.0755606
E07000222,Warwick,Non-metropolitan District,282.8822,148729,525.7630208,137736,486.9023219,126095,445.7509168
E11000005,West Midlands (Met County),Metropolitan County,901.6395,2916132,3234.254932,2739733,3038.612439,2568015,2848.161599
E08000025,Birmingham,Metropolitan District,267.7912,1142494,4266.361255,1074283,4011.644147,984642,3676.902004
E08000026,Coventry,Metropolitan District,98.639,343320,3480.570565,316915,3212.87726,302804,3069.820254
E08000027,Dudley,Metropolitan District,97.9584,323581,3303.249134,313261,3197.898292,305052,3114.097413
E08000028,Sandwell,Metropolitan District,85.5589,341729,3994.078933,309042,3612.038023,284594,3326.293349
E08000029,Solihull,Metropolitan District,178.2821,216666,1215.298676,206856,1160.273522,199574,1119.428142
E08000030,Walsall,Metropolitan District,103.9734,284306,2734.410917,269524,2592.239938,253333,2436.517417
E08000031,Wolverhampton,Metropolitan District,69.4365,264036,3802.553412,249852,3598.280443,238016,3427.822543
E10000034,Worcestershire,County,1740.5141,604947,347.5679973,566557,325.5112958,542233,311.5361145
E07000234,Bromsgrove,Non-metropolitan District,216.9684,99475,458.4769026,93732,432.0076103,87904,405.1465559
E07000235,Malvern Hills,Non-metropolitan District,577.071,79973,138.5843336,74706,129.4572072,72171,125.0643335
E07000236,Redditch,Non-metropolitan District,54.2509,86996,1603.5863,84318,1554.223064,78779,1452.123375
E07000237,Worcester,Non-metropolitan District,33.2782,103617,3113.659994,98679,2965.274564,93369,2805.710645
E07000238,Wychavon,Non-metropolitan District,663.5418,133100,200.5902266,117074,176.4380179,113081,170.4203111
E07000239,Wyre Forest,Non-metropolitan District,195.4038,101786,520.9008218,98048,501.771204,96929,496.044601
E12000006,EAST,Region,19115.593,6348096,332.0899331,5862418,306.6825078,5400463,282.5161113
E06000055,Bedford,Unitary Authority,476.4082,185761,389.9198209,157840,331.3125173,148113,310.8951525
E06000056,Central Bedfordshire,Unitary Authority,715.6657,295541,412.9595704,255644,357.2114746,234006,326.9766876
E06000032,Luton,Unitary Authority,43.3525,224826,5185.998501,203641,4697.330027,185889,4287.849605
E06000031,Peterborough,Unitary Authority,343.3782,216349,630.0603824,184457,537.1831992,157439,458.5002775
E06000033,Southend-on-Sea,Unitary Authority,41.6742,180601,4333.640478,174274,4181.819927,160362,3847.992283
E06000034,Thurrock,Unitary Authority,163.8371,175902,1073.639609,158268,966.0083095,143297,874.6309597
E10000003,Cambridgeshire,County,3046.2362,680407,223.3598957,622312,204.2888204,554704,182.094875
E07000008,Cambridge,Non-metropolitan District,40.699,144714,3555.7139,122725,3015.430355,109941,2701.319443
E07000009,East Cambridgeshire,Non-metropolitan District,651.286,88145,135.3399275,84245,129.3517748,73411,112.7169938
E07000010,Fenland,Non-metropolitan District,546.4502,102742,188.0171331,95461,174.6929546,83687,153.1466179
E07000011,Huntingdonshire,Non-metropolitan District,906.176,181804,200.6276926,170039,187.6445635,157189,173.4640953
E07000012,South Cambridgeshire,Non-metropolitan District,901.625,163002,180.7869125,149842,166.1910439,130476,144.7120477
E10000012,Essex,County,3458.4263,1506345,435.5579299,1396599,403.8249998,1312599,379.5364961
E07000066,Basildon,Non-metropolitan District,110.001,187659,1705.9754,174971,1590.630994,165895,1508.122653
E07000067,Braintree,Non-metropolitan District,611.7079,155710,254.5495979,147514,241.1510461,132482,216.5772258
E07000068,Brentwood,Non-metropolitan District,153.1241,77103,503.5327555,73841,482.2297731,68483,447.238547
E07000069,Castle Point,Non-metropolitan District,44.6735,89708,2008.080853,87964,1969.04205,86673,1940.143486
E07000070,Chelmsford,Non-metropolitan District,338.7582,181763,536.5567535,168491,497.378366,157269,464.2514927
E07000071,Colchester,Non-metropolitan District,328.2239,192424,586.2583438,173614,528.9499028,156016,475.3340631
E07000072,Epping Forest,Non-metropolitan District,338.9842,134909,397.9802008,124880,368.3947511,120972,356.8661902
E07000073,Harlow,Non-metropolitan District,30.5379,93374,3057.643125,82177,2690.98399,78799,2580.367347
E07000074,Maldon,Non-metropolitan District,357.8157,66627,186.2047976,61720,172.4910338,59589,166.5354539
E07000075,Rochford,Non-metropolitan District,167.0927,86186,515.7975184,83333,498.7231638,78650,470.6968048
E07000076,Tendring,Non-metropolitan District,336.3243,148934,442.8285438,138062,410.5026012,138802,412.7028585
E07000077,Uttlesford,Non-metropolitan District,641.1829,91948,143.4036996,80032,124.8192988,68969,107.5652517
E10000015,Hertfordshire,County,1643.0651,1200620,730.7196775,1119824,681.5457282,1035523,630.2385706
E07000095,Broxbourne,Non-metropolitan District,51.4422,99138,1927.172633,93702,1821.500636,87203,1695.16467
E07000096,Dacorum,Non-metropolitan District,212.4766,155217,730.5133836,145298,683.8305959,137843,648.7443794
E07000242,East Hertfordshire,Non-metropolitan District,475.6695,150687,316.7892833,138155,290.4432594,129145,271.5015363
E07000098,Hertsmere,Non-metropolitan District,101.1282,108105,1068.989659,100379,992.5915818,94466,934.1212441
E07000099,North Hertfordshire,Non-metropolitan District,375.3821,133571,355.8267696,127494,339.6379316,117051,311.818278
E07000240,St Albans,Non-metropolitan District,161.2058,148641,922.057395,141248,876.1967622,129168,801.2614931
E07000243,Stevenage,Non-metropolitan District,25.9692,89320,3439.459051,84247,3244.112256,79794,3072.639896
E07000102,Three Rivers,Non-metropolitan District,88.8242,93952,1057.729763,87921,989.8315999,82905,933.3605031
E07000103,Watford,Non-metropolitan District,21.4305,102451,4780.616411,90653,4230.092625,80398,3751.569025
E07000241,Welwyn Hatfield,Non-metropolitan District,129.5368,119538,922.8111239,110727,854.7918429,97550,753.0678541
E10000020,Norfolk,County,5383.58,918369,170.5870443,859426,159.6383819,798618,148.3432957
E07000143,Breckland,Non-metropolitan District,1305.1168,142164,108.9281818,131009,100.381054,121585,93.16024436
E07000144,Broadland,Non-metropolitan District,552.061,132247,239.5514264,124740,225.9532914,118814,215.2189704
E07000145,Great Yarmouth,Non-metropolitan District,174.3142,100146,574.5142966,97424,558.898816,90945,521.7303008
E07000146,King's Lynn and West Norfolk,Non-metropolitan District,1439.5224,154910,107.6120802,147936,102.7674179,135565,94.17359535
E07000147,North Norfolk,Non-metropolitan District,965.967,103257,106.894956,101664,105.2458314,98495,101.965181
E07000148,Norwich,Non-metropolitan District,39.022,143118,3667.623392,132158,3386.756189,122366,3135.820819
E07000149,South Norfolk,Non-metropolitan District,907.5766,142527,157.04129,124495,137.1729945,110848,122.1362472
E10000029,Suffolk,County,3799.9695,763375,200.8897703,730133,192.1418053,669913,176.2943097
E07000200,Babergh,Non-metropolitan District,593.7238,92723,156.1719439,87901,148.0503224,83538,140.7017876
E07000244,East Suffolk,Non-metropolitan District,1260.9897,246801,195.7200761,239946,190.2838699,227736,180.6009994
E07000202,Ipswich,Non-metropolitan District,39.5098,139614,3533.654941,133729,3384.704554,117156,2965.239004
E07000203,Mid Suffolk,Non-metropolitan District,871.0706,103417,118.7240162,97076,111.4444685,87015,99.89431396
E07000245,West Suffolk,Non-metropolitan District,1034.6756,180820,174.7600891,171481,165.7340716,154468,149.2912368
E12000007,LONDON,Region,1572.0308,8796628,5595.709702,8204407,5218.986167,7322403,4657.925913
E09000007,Camden,London Borough,21.7785,210390,9660.444934,220087,10105.70058,202567,9301.237459
E09000001,City of London,London Borough,2.8898,8618,2982.213302,7412,2564.883383,7359,2546.543013
E09000012,Hackney,London Borough,19.044,259956,13650.28355,247182,12979.52111,207246,10882.48267
E09000013,Hammersmith and Fulham,London Borough,16.4035,183295,11174.13967,182445,11122.32146,169374,10325.47932
E09000014,Haringey,London Borough,29.606,264130,8921.502398,255540,8631.358508,221251,7473.181112
E09000019,Islington,London Borough,14.858,216767,14589.24485,206285,13883.76632,179387,12073.42846
E09000020,Kensington and Chelsea,London Borough,12.1237,143940,11872.61315,158251,13053.02837,162199,13378.67153
E09000022,Lambeth,London Borough,26.8071,317498,11843.80257,304481,11358.22226,273372,10197.74612
E09000023,Lewisham,London Borough,35.1461,299810,8530.391708,276938,7879.62249,254336,7236.53549
E09000025,Newham,London Borough,36.1959,350626,9686.89824,310460,8577.214546,249411,6890.587055
E09000028,Southwark,London Borough,28.8777,306374,10609.36293,288717,9997.922272,256712,8889.627637
E09000030,Tower Hamlets,London Borough,19.771,312273,15794.49699,256012,12948.8645,201090,10170.95746
E09000032,Wandsworth,London Borough,34.2619,328367,9584.027739,307710,8981.113131,271742,7931.317294
E09000033,Westminster,London Borough,21.4826,205087,9546.656364,219582,10221.38847,203329,9464.822694
E09000002,Barking and Dagenham,London Borough,36.1011,218534,6053.388955,187029,5180.700865,165654,4588.613643
E09000003,Barnet,London Borough,86.7667,388639,4479.126209,357538,4120.682243,319481,3682.069273
E09000004,Bexley,London Borough,60.5784,246543,4069.816964,232774,3842.524728,218757,3611.138624
E09000005,Brent,London Borough,43.2364,338918,7838.719227,312245,7221.808476,269620,6235.949339
E09000006,Bromley,London Borough,150.1326,329830,2196.924585,310554,2068.531418,296218,1973.042497
E09000008,Croydon,London Borough,86.4887,390506,4515.110066,364815,4218.065481,335112,3874.633334
E09000009,Ealing,London Borough,55.5424,366127,6591.846949,339314,6109.098635,307276,5532.278043
E09000010,Enfield,London Borough,80.8211,329601,4078.155333,313935,3884.319813,277266,3430.614035
E09000011,Greenwich,London Borough,47.311,289254,6113.88472,255483,5400.076092,217460,4596.394073
E09000015,Harrow,London Borough,50.4645,260987,5171.694954,240499,4765.706586,210044,4162.213041
E09000016,Havering,London Borough,112.3436,262022,2332.326897,237927,2117.85095,224717,2000.265258
E09000017,Hillingdon,London Borough,115.7044,304792,2634.229986,275499,2381.058974,245616,2122.788762
E09000018,Hounslow,London Borough,55.9628,287940,5145.2036,254927,4555.293874,215976,3859.277949
E09000021,Kingston upon Thames,London Borough,37.2593,167845,4504.781357,160436,4305.931673,149045,4000.209344
E09000024,Merton,London Borough,37.6241,215324,5723.033906,200543,5330.174011,191106,5079.350735
E09000026,Redbridge,London Borough,56.3974,309836,5493.79936,281395,4989.503062,241893,4289.080702
E09000027,Richmond upon Thames,London Borough,57.3926,195232,3401.692901,187527,3267.442144,174311,3037.168555
E09000029,Sutton,London Borough,43.8477,209517,4778.289397,191123,4358.791909,181461,4138.438276
E09000031,Waltham Forest,London Borough,38.8102,278050,7164.353701,259742,6692.622043,222015,5720.532231
E12000008,SOUTH EAST,Region,19071.8511,9294023,487.3162522,8652784,453.6939783,8023449,420.6958705
E06000036,Bracknell Forest,Unitary Authority,109.3843,125174,1144.350697,113696,1039.417905,109650,1002.429051
E06000043,Brighton and Hove,Unitary Authority,82.8331,276334,3336.033542,272952,3295.204453,249949,3017.501458
E06000060,Buckinghamshire,Unitary Authority,1564.938,555257,354.8108615,506550,323.6869448,479131,306.1661229
E06000046,Isle of Wight,Unitary Authority,379.6203,140889,371.1313647,138392,364.5537396,132925,350.1525077
E06000035,Medway,Unitary Authority,193.7142,279827,1444.5353,264885,1367.401048,249704,1289.033019
E06000042,Milton Keynes,Unitary Authority,308.6267,288201,933.8174565,249895,809.6998737,212707,689.2047901
E06000044,Portsmouth,Unitary Authority,40.3816,206828,5121.837669,205433,5087.292232,188043,4656.650554
E06000038,Reading,Unitary Authority,40.3888,173170,4287.574773,155339,3846.090996,144684,3582.280236
E06000039,Slough,Unitary Authority,32.5419,158289,4864.159745,140713,4324.056063,120577,3705.284572
E06000045,Southampton,Unitary Authority,49.8808,247256,4956.937339,235870,4728.673157,219539,4401.272634
E06000037,West Berkshire,Unitary Authority,704.183,161865,229.8621239,154148,218.9033248,144494,205.1938204
E06000040,Windsor and Maidenhead,Unitary Authority,196.5017,153921,783.3062004,145098,738.4058255,133541,679.592085
E06000041,Wokingham,Unitary Authority,178.969,178169,995.5299521,154943,865.7532869,150334,840.0002235
E10000011,East Sussex,County,1708.6315,546924,320.0947659,527209,308.556292,493130,288.6110902
E07000061,Eastbourne,Non-metropolitan District,44.1615,101593,2300.487982,99308,2248.74608,89836,2034.260612
E07000062,Hastings,Non-metropolitan District,29.7961,90959,3052.714953,90173,3026.335661,85392,2865.87842
E07000063,Lewes,Non-metropolitan District,292.107,100194,343.004447,97584,334.069365,92247,315.7986628
E07000064,Rother,Non-metropolitan District,509.4413,93429,183.3950251,90729,178.0951014,85471,167.7739908
E07000065,Wealden,Non-metropolitan District,833.1256,160749,192.9468978,149415,179.3427065,140184,168.2627445
E10000014,Hampshire,County,3678.3568,1406199,382.2899943,1322118,359.4316897,1241431,337.4960798
E07000084,Basingstoke and Deane,Non-metropolitan District,633.8087,185656,292.9211922,168550,265.931976,152874,241.1989611
E07000085,East Hampshire,Non-metropolitan District,514.4275,126199,245.3193113,116010,225.5128274,109369,212.6033309
E07000086,Eastleigh,Non-metropolitan District,79.6916,136974,1718.800978,125852,1579.237962,116257,1458.836314
E07000087,Fareham,Non-metropolitan District,74.2527,114993,1548.670957,111931,1507.4334,108152,1456.539628
E07000088,Gosport,Non-metropolitan District,25.3736,82178,3238.72056,82669,3258.071381,76676,3021.88101
E07000089,Hart,Non-metropolitan District,215.265,100293,465.904815,91662,425.8100481,83590,388.3120805
E07000090,Havant,Non-metropolitan District,55.741,124470,2233.006225,120783,2166.861018,116886,2096.948386
E07000091,New Forest,Non-metropolitan District,752.1754,176262,234.3362998,176789,235.0369342,169506,225.3543522
E07000092,Rushmoor,Non-metropolitan District,39.045,100068,2562.888974,94354,2416.545012,90892,2327.878089
E07000093,Test Valley,Non-metropolitan District,627.6055,131190,209.032585,116698,185.9416465,109965,175.2135697
E07000094,Winchester,Non-metropolitan District,660.9708,127916,193.5274599,116820,176.7400315,107264,162.2825093
E10000016,Kent,County,3544.3945,1578519,445.3564636,1466466,413.742319,1331194,375.5772671
E07000105,Ashford,Non-metropolitan District,580.6172,133178,229.3731567,118405,203.9295426,103024,177.4387669
E07000106,Canterbury,Non-metropolitan District,308.7526,156554,507.05322,150600,487.7691718,135381,438.4772792
E07000107,Dartford,Non-metropolitan District,72.7255,116777,1605.722889,97604,1342.087713,85956,1181.923809
E07000108,Dover,Non-metropolitan District,315.3379,116595,369.7462309,111718,354.2802816,104646,331.853545
E07000112,Folkestone and Hythe,Non-metropolitan District,356.921,110056,308.348346,108199,303.145514,96345,269.9336828
E07000109,Gravesham,Non-metropolitan District,98.9912,106838,1079.267652,101766,1028.030774,95791,967.6718739
E07000110,Maidstone,Non-metropolitan District,393.3294,176712,449.2722893,155764,396.0141296,139116,353.6882826
E07000111,Sevenoaks,Non-metropolitan District,369.2307,120841,327.2777697,115351,312.4090169,109242,295.8638055
E07000113,Swale,Non-metropolitan District,373.4369,152223,407.6270984,136324,365.052302,123123,329.7022871
E07000114,Thanet,Non-metropolitan District,103.6091,140678,1357.776489,134402,1297.202659,126750,1223.348142
E07000115,Tonbridge and Malling,Non-metropolitan District,240.1142,132386,551.3459845,121087,504.2892091,107771,448.832264
E07000116,Tunbridge Wells,Non-metropolitan District,331.3288,115681,349.142604,115246,347.8297087,104049,314.0354838
E10000025,Oxfordshire,County,2604.9355,726530,278.9051783,654791,251.3655329,607277,233.1255419
E07000177,Cherwell,Non-metropolitan District,588.7454,161837,274.8845256,142252,241.6188729,131988,224.1851911
E07000178,Oxford,Non-metropolitan District,45.603,160021,3509.001601,150245,3294.629739,135509,2971.493104
E07000179,South Oxfordshire,Non-metropolitan District,678.5012,150024,221.1108838,134961,198.9104809,128307,189.1035712
E07000180,Vale of White Horse,Non-metropolitan District,577.6639,139487,241.4674,121891,211.0067809,115772,200.4141162
E07000181,West Oxfordshire,Non-metropolitan District,714.422,115161,161.1946441,105442,147.5906397,95701,133.9558412
E10000030,Surrey,County,1662.5178,1205616,725.1747921,1135367,682.9202069,1060163,637.6852025
E07000207,Elmbridge,Non-metropolitan District,95.0523,139369,1466.234904,131428,1382.691424,122709,1290.962975
E07000208,Epsom and Ewell,Non-metropolitan District,34.0794,80998,2376.743722,75191,2206.34753,67077,1968.256483
E07000209,Guildford,Non-metropolitan District,270.9311,143929,531.238385,137580,507.8043827,129774,478.9926295
E07000210,Mole Valley,Non-metropolitan District,258.3211,87608,339.143802,85637,331.5137633,80283,310.7876205
E07000211,Reigate and Banstead,Non-metropolitan District,129.1439,151423,1172.513762,138375,1071.479179,126661,980.7741597
E07000212,Runnymede,Non-metropolitan District,78.0407,87739,1124.272335,80501,1031.525858,78053,1000.15761
E07000213,Spelthorne,Non-metropolitan District,44.8879,102995,2294.493616,95852,2135.363873,90404,2013.994863
E07000214,Surrey Heath,Non-metropolitan District,95.093,90645,953.2247379,86378,908.3528756,80309,844.5311432
E07000215,Tandridge,Non-metropolitan District,248.1947,88143,355.1365118,83178,335.1320556,79332,319.6361566
E07000216,Waverley,Non-metropolitan District,345.1703,128878,373.3751137,121754,352.7360262,115668,335.10415
E07000217,Woking,Non-metropolitan District,63.6034,103889,1633.387523,99493,1564.271721,89893,1413.336394
E10000032,West Sussex,County,1991.0516,885055,444.5163551,808919,406.2772657,754976,379.1845475
E07000223,Adur,Non-metropolitan District,42.0655,64626,1536.318361,61334,1458.059455,59714,1419.548086
E07000224,Arun,Non-metropolitan District,220.9912,165225,747.6542052,149811,677.9048215,140998,638.0254055
E07000225,Chichester,Non-metropolitan District,786.1948,124531,158.3971301,113995,144.9958713,106494,135.4549788
E07000226,Crawley,Non-metropolitan District,44.9711,118580,2636.804526,107053,2380.484356,100440,2233.434361
E07000227,Horsham,Non-metropolitan District,530.2787,147487,278.1311035,131540,248.0582381,122272,230.5806362
E07000228,Mid Sussex,Non-metropolitan District,334.0294,152949,457.8908324,140188,419.6876083,127397,381.3945719
E07000229,Worthing,Non-metropolitan District,32.5209,111657,3433.392065,104998,3228.631434,97661,3003.022672
E12000009,SOUTH WEST,Region,23835.9569,5712840,239.6731973,5300831,222.3880091,4943364,207.3910446
E06000022,Bath and North East Somerset,Unitary Authority,345.8786,192423,556.3310364,175538,507.5133298,169158,489.0675514
E06000058,"Bournemouth, Christchurch and Poole",Unitary Authority,162.0701,400109,2468.740378,379441,2341.215314,346829,2139.993743
E06000023,"Bristol, City of",Unitary Authority,109.6665,471117,4295.906225,428074,3903.416267,390049,3556.683217
E06000052,Cornwall,Unitary Authority,3545.4342,572010,161.3370797,533760,150.5485562,499937,141.008681
E06000059,Dorset,Unitary Authority,2490.9569,381292,153.0704927,365897,146.8901369,346596,139.141709
E06000053,Isles of Scilly,Unitary Authority,16.3177,2271,139.1740258,2224,136.2937179,2140,131.1459336
E06000024,North Somerset,Unitary Authority,373.7494,217399,581.670499,203091,543.3881633,188840,505.2583362
E06000026,Plymouth,Unitary Authority,79.8497,264727,3315.31615,256589,3213.399675,240954,3017.594305
E06000025,South Gloucestershire,Unitary Authority,497.0508,290736,584.9221045,263417,529.9599156,245985,494.8890536
E06000030,Swindon,Unitary Authority,230.0933,233713,1015.731445,209709,911.408546,180129,782.8519996
E06000027,Torbay,Unitary Authority,62.8867,139446,2217.416401,131193,2086.180385,129965,2066.653203
E06000054,Wiltshire,Unitary Authority,3255.3381,513411,157.7135721,474319,145.7049884,433508,133.1683489
E10000008,Devon,County,6563.8439,814440,124.0797332,747709,113.9132818,705568,107.4931109
E07000040,East Devon,Non-metropolitan District,814.2383,152120,186.8249135,133272,163.676899,125713,154.393376
E07000041,Exeter,Non-metropolitan District,47.033,129307,2749.282419,117063,2488.954564,111180,2363.872175
E07000042,Mid Devon,Non-metropolitan District,912.9007,83186,91.12272562,77936,85.37182631,69887,76.55487612
E07000043,North Devon,Non-metropolitan District,1085.8925,99435,91.56983771,93976,86.54263659,87674,80.73911552
E07000044,South Hams,Non-metropolitan District,886.547,89213,100.6297466,83563,94.25670607,81929,92.41360018
E07000045,Teignbridge,Non-metropolitan District,673.7597,135216,200.6887619,124271,184.4440978,121167,179.837114
E07000046,Torridge,Non-metropolitan District,983.8005,68475,69.60252612,63973,65.02639509,59129,60.1026326
E07000047,West Devon,Non-metropolitan District,1159.6722,57488,49.57262923,53655,46.26738487,48889,42.15760281
E10000013,Gloucestershire,County,2652.532,646627,243.7772664,598289,225.5539236,564999,213.0036509
E07000078,Cheltenham,Non-metropolitan District,46.5961,118866,2550.986027,115645,2481.86007,110024,2361.227656
E07000079,Cotswold,Non-metropolitan District,1164.5242,91125,78.2508427,83180,71.42831381,80387,69.02990938
E07000080,Forest of Dean,Non-metropolitan District,525.9021,87140,165.6962389,82200,156.3028556,80057,152.2279527
E07000081,Gloucester,Non-metropolitan District,40.553,132538,3268.26622,121921,3006.460681,109947,2711.19276
E07000082,Stroud,Non-metropolitan District,460.5422,121529,263.8824412,113074,245.5236458,108060,234.6364785
E07000083,Tewkesbury,Non-metropolitan District,414.4144,95429,230.2743341,82269,198.5186808,76524,184.6557456
E10000027,Somerset,County,3450.289,573119,166.1075348,531581,154.0685432,498707,144.5406457
E07000187,Mendip,Non-metropolitan District,739.4356,116285,157.2618359,109406,147.9587945,103964,140.5991272
E07000188,Sedgemoor,Non-metropolitan District,564.2238,125752,222.8760999,114919,203.6762717,106030,187.9218849
E07000246,Somerset West and Taunton,Non-metropolitan District,1187.5767,157909,132.9674117,145143,122.2177902,137654,115.9116712
E07000189,South Somerset,Non-metropolitan District,959.0529,173173,180.566682,162113,169.0344714,151059,157.508517
W92000004,WALES,Country,20736.5178,3105410,149.7556162,3063758,147.7469858,2910232,140.3433319
W06000001,Isle of Anglesey,Unitary Authority,712.0651,68944,96.82260793,69913,98.18343856,67806,95.22443945
W06000002,Gwynedd,Unitary Authority,2535.1434,117072,46.17963623,121523,47.93535545,116844,46.08970049
W06000003,Conwy,Unitary Authority,1125.8226,114828,101.9947548,115326,102.437098,109674,97.41676886
W06000004,Denbighshire,Unitary Authority,836.9171,96046,114.7616652,93919,112.2201948,93070,111.2057574
W06000005,Flintshire,Unitary Authority,439.8304,155076,352.5813586,152666,347.1019739,148629,337.9234359
W06000006,Wrexham,Unitary Authority,503.7739,135132,268.2393828,135070,268.1163117,128540,255.1541475
W06000023,Powys,Unitary Authority,5180.6706,133557,25.77986719,133071,25.68605694,126398,24.39799975
W06000008,Ceredigion,Unitary Authority,1784.9811,70658,39.58473286,75293,42.18139901,75417,42.25086753
W06000009,Pembrokeshire,Unitary Authority,1618.3449,123669,76.41696155,122613,75.76444304,113058,69.86026279
W06000010,Carmarthenshire,Unitary Authority,2370.2763,188191,79.39622904,183961,77.61162697,173652,73.26234498
W06000011,Swansea,Unitary Authority,377.6145,237834,629.8328057,238691,632.102316,223463,591.7754747
W06000012,Neath Port Talbot,Unitary Authority,441.2447,141931,321.6605208,139880,317.0123063,134380,304.5475674
W06000013,Bridgend,Unitary Authority,250.7852,145760,581.2145214,139410,555.894048,128735,513.3277402
W06000014,Vale of Glamorgan,Unitary Authority,331.1486,132534,400.2251557,126679,382.5442717,119277,360.1917689
W06000015,Cardiff,Unitary Authority,140.9144,359512,2551.279358,345442,2451.431507,310088,2200.541605
W06000016,Rhondda Cynon Taf,Unitary Authority,424.1502,237497,559.9360792,234373,552.5707638,231910,546.7638587
W06000024,Merthyr Tydfil,Unitary Authority,111.4463,58866,528.2005773,58851,528.0659833,56207,504.3415528
W06000018,Caerphilly,Unitary Authority,277.3879,176005,634.5085708,178782,644.5198222,169546,611.2234888
W06000019,Blaenau Gwent,Unitary Authority,108.7279,66993,616.1527998,69812,642.0799077,70000,643.8089947
W06000020,Torfaen,Unitary Authority,125.6987,92453,735.5127778,91190,725.4649412,90912,723.2533033
W06000021,Monmouthshire,Unitary Authority,849.1429,93194,109.7506674,91508,107.7651359,84984,100.0820945
W06000022,Newport,Unitary Authority,190.4311,159658,838.4029709,145785,765.5524754,137642,722.7916028
S92000003,SCOTLAND,Country,77900.9316,5479900,70.34447326,5299900,68.03384621,5064200,65.00820845
S12000033,Aberdeen City,Council Area,185.5661,227430,1225.601012,222460,1198.818103,211910,1141.965046
S12000034,Aberdeenshire,Council Area,6312.6326,262690,41.6133833,253650,40.18133417,226940,35.95013592
S12000041,Angus,Council Area,2181.4521,116120,53.2305981,116200,53.26727092,108370,49.67791867
S12000035,Argyll and Bute,Council Area,6906.823,86220,12.48330817,88930,12.87567381,91300,13.21881276
S12000036,City of Edinburgh,Council Area,263.3906,526470,1998.818485,477940,1814.567414,449020,1704.768507
S12000005,Clackmannanshire,Council Area,159.1851,51540,323.7740216,51500,323.5227418,48070,301.975499
S12000006,Dumfries and Galloway,Council Area,6425.8344,148790,23.15496957,151410,23.56269872,147780,22.99779154
S12000042,Dundee City,Council Area,59.8006,147720,2470.209329,147200,2461.513764,145460,2432.417066
S12000008,East Ayrshire,Council Area,1262.1279,122020,96.67799912,122690,97.20884864,120310,95.32314435
S12000045,East Dunbartonshire,Council Area,174.489,108900,624.10811,105000,601.7571308,108250,620.3829468
S12000010,East Lothian,Council Area,679.2408,109580,161.3271759,99920,147.1054153,90180,132.7658763
S12000011,East Renfrewshire,Council Area,174.2495,96580,554.2627095,90810,521.1492716,89410,513.1148153
S12000014,Falkirk,Council Area,297.1275,160700,540.84526,156250,525.8685245,145270,488.9146915
S12000047,Fife,Council Area,1325.1901,374730,282.7745242,365300,275.658564,349770,263.9394906
S12000049,Glasgow City,Council Area,174.6213,635130,3637.185154,593060,3396.263801,578710,3314.085968
S12000017,Highland,Council Area,25653.0921,238060,9.27997292,232730,9.072200696,208920,8.144047477
S12000018,Inverclyde,Council Area,160.4387,76700,478.0642077,81220,506.2369615,84150,524.4993882
S12000019,Midlothian,Council Area,353.6818,94680,267.6982531,83450,235.9465486,80950,228.878048
S12000020,Moray,Council Area,2237.5543,96410,43.08722251,93470,41.77328792,87000,38.88173798
S12000013,Na h-Eileanan Siar,Council Area,3055.5365,26640,8.718599827,27690,9.062238334,26450,8.656417621
S12000021,North Ayrshire,Council Area,885.285,134220,151.6121927,138090,155.9836663,135820,153.4195203
S12000050,North Lanarkshire,Council Area,470.0022,341400,726.3795786,337720,718.5498281,321180,683.3585034
S12000023,Orkney Islands,Council Area,990.4891,22540,22.75643417,21420,21.62567968,19220,19.40455478
S12000048,Perth and Kinross,Council Area,5285.6047,153810,29.0997925,146850,27.78300844,134950,25.53161041
S12000038,Renfrewshire,Council Area,261.4877,179940,688.1394421,174700,668.1002586,172850,661.0253561
S12000026,Scottish Borders,Council Area,4731.7643,116020,24.51939544,113880,24.06713285,106950,22.60256285
S12000027,Shetland Islands,Council Area,1467.4778,22940,15.63226374,23240,15.83669613,21960,14.96445125
S12000028,South Ayrshire,Council Area,1222.228,112450,92.00411053,112980,92.43774484,112160,91.76683892
S12000029,South Lanarkshire,Council Area,1771.893,322630,182.0821009,313900,177.1551668,302340,170.6310708
S12000030,Stirling,Council Area,2186.1574,93470,42.7553844,90330,41.31907428,86200,39.42991479
S12000039,West Dunbartonshire,Council Area,158.7657,87790,552.9531883,90610,570.7152112,93320,587.7843892
S12000040,West Lothian,Council Area,427.7427,185580,433.8589531,175300,409.8258135,159030,371.7889283
N92000002,NORTHERN IRELAND,Country,13546.6539,1904563,140.5928736,1814318,133.9310809,1688838,124.6682769
N09000001,Antrim and Newtownabbey,Local Government District,571.4315,145852,255.2396919,138651,242.6380065,128760,225.3288452
N09000011,Ards and North Down,Local Government District,458.3476,163827,357.4296015,156943,342.4104326,149559,326.3003886
N09000002,"Armagh City, Banbridge and Craigavon",Local Government District,1331.6752,219127,164.5498842,200298,150.4105506,176014,132.1748727
N09000003,Belfast,Local Government District,132.9638,345006,2594.736312,333895,2511.172214,328695,2472.063825
N09000004,Causeway Coast and Glens,Local Government District,1979.5816,141664,71.56259686,140907,71.18019282,131374,66.36452875
N09000005,Derry City and Strabane,Local Government District,1237.3,150834,121.9057625,148191,119.7696597,143810,116.2288855
N09000006,Fermanagh and Omagh,Local Government District,2835.9389,116926,41.23008433,113501,40.02237143,105751,37.28959041
N09000007,Lisburn and Castlereagh,Local Government District,503.576,149272,296.4239757,135280,268.638696,124585,247.400591
N09000008,Mid and East Antrim,Local Government District,1044.5278,139127,133.1960719,135365,129.5944445,127452,122.0187725
N09000009,Mid Ulster,Local Government District,1823.0343,150598,82.60842925,139011,76.25254226,119112,65.33722377
N09000010,"Newry, Mourne and Down",Local Government District,1628.2772,182345,111.9864603,172276,105.8026238,153726,94.41021467
